ItemID;Klasör1;Path;Name;Yetki;Tip;Hidden;SonKullanim;İlkKullanim;Kullanim;Kullanici;Ana Konu;Bu rapor neyi gösteriyor?;Ana KPI’lar;Zaman Seviyesi;Kullanılan Filtreler;Hedef Kullanıcı;Yetkili Gruplar / Kullanıcılar;Benzer Raporlar;Not
7566D06A-09EF-4797-B0E1-002D6514F121;Satış/;/Satış/Portföy Performans/Teklif Raporu_Detay;Teklif Raporu_Detay;barisk  Bi DEM  Bi Fiyatlandırma  Bi Kalite Ekibi  Bi Satış  bi Satis Gelistirme  Bi Teknolojisatis  bi TeleSatis  bisatisci  BISecurity  BUILTIN\Administrators  resat.akinsel  volkan.bora;Report;1;26.12.2025;26.03.2026;410.0;38;;;;;;;;;
F81B31E6-AB1B-481E-9E70-02289177F863;Satış/;/Satış/Global Counter-Sayaç Hakkı Tanım;Global Counter-Sayaç Hakkı Tanım;bi Satis Gelistirme  BISecurity  BUILTIN\Administrators  damra.kuru  deniz.sahin  erhan.cinali  ismail.kucukkurt  sercan.oner;Dashboard;0;12.01.2026;16.02.2026;6.0;5;;;;;;;;;
8F298386-B760-4376-90FA-03242FE5E138;Satış/;/Satış/Kullanıcı Performans/Hedef Gerceklestirme Raporu - Kirilimli_Detay;Hedef Gerceklestirme Raporu - Kirilimli_Detay;begumu  Bi Fiyatlandırma  Bi ik  Bi Kalite Ekibi  Bi Satış  bi Satis Gelistirme  Bi Teknolojisatis  bi TeleSatis  bisatisci  BISecurity  BUILTIN\Administrators  cenkk  okan.ay;Report;1;29.12.2025;25.03.2026;52.0;14;;;;;;;;;
5D07A2A6-FA40-4903-8722-0562CA4A9318;Satış/;/Satış/Portföy Performans/Firma Aranma Analizi_Detay;Firma Aranma Analizi_Detay;barisk  Bi DEM  Bi Fiyatlandırma  Bi Kalite Ekibi  Bi Satış  bi Satis Gelistirme  Bi Teknolojisatis  bi TeleSatis  bisatisci  BISecurity  BUILTIN\Administrators  resat.akinsel  volkan.bora;Report;1;17.03.2026;18.03.2026;6.0;3;;;;;;;;;
79DB7801-3921-40C7-831C-0952FE9603EE;Satış/;/Satış/Portföy Performans/NextGeo - Sonuç Kodu Raporu;NextGeo - Sonuç Kodu Raporu;Bi DEM  Bi Fiyatlandırma  Bi Satış  bi Satis Gelistirme  Bi Yönetim  BISecurity  BUILTIN\Administrators  melih.gucer  mina.savasci  resat.akinsel;Dashboard;0;29.12.2025;25.03.2026;52.0;10;;;;;;;;;
8C4580B1-3464-4169-84F0-0A06E36BBF6B;Satış/;/Satış/_Satışlar;_Satışlar;Bi DEM  Bi Finans  Bi Fiyatlandırma  Bi ik  Bi Pas Ekibi  Bi Pas Yönetim  Bi Pazarlama İşveren  Bi Satış  bi Satis Gelistirme  bi Techkariyer  Bi Teknolojisatis  bi TeleSatis  Bi Ürün Geliştirme  Bi Webrand  Bi Yönetim  bisatisci  BISecurity  BUILTIN\Administrators  busenur.satir  cenkk  enes.kose  kkamasoglu  neses  ozge.aydin  oznur.saglam;Dashboard;0;26.12.2025;26.03.2026;1112.0;96;;;;;;;;;
821A3FB9-246A-4FAB-A12C-0DF38C6D8D3A;Satış/;/Satış/Portföy Performans/Aktarilan Firmalar_Detay;Aktarilan Firmalar_Detay;barisk  Bi DEM  Bi Fiyatlandırma  Bi Kalite Ekibi  Bi Satış  bi Satis Gelistirme  Bi Teknolojisatis  bi TeleSatis  bisatisci  BISecurity  BUILTIN\Administrators  resat.akinsel  volkan.bora;Report;1;14.01.2026;26.03.2026;200.0;33;;;;;;;;;
CFEFFF13-58E3-4FC1-B07F-1026AB8EDCA1;Satış/;/Satış/Kullanıcı Performans/Çağrı-Kalite Puanları;Çağrı-Kalite Puanları;aylink  Bi MH  Bi Müşteri Destek  Bi Satış  bi Satis Gelistirme  bi TeleSatis  Bi Veri Güncelleme Ekibi  Bi Yönetim  BISecurity  BUILTIN\Administrators  cenkk  ersinu  resat.akinsel  utku.cetin;Dashboard;0;26.12.2025;26.03.2026;1687.0;83;;;;;;;;;
CFB8223D-5701-4D57-A0F7-166378D0F7AB;Satış/;/Satış/Coensio Lead;Coensio Lead;Bi CoensioEkibi  Bi Fiyatlandırma  Bi Pazarlama İşveren  Bi Satış  bi TeleSatis  Bi Yönetim  bisatisci  BISecurity  BUILTIN\Administrators;Dashboard;0;13.01.2026;23.03.2026;5.0;5;;;;;;;;;
E9DDB918-6329-4B9E-989E-176723B2839D;Satış/;/Satış/Bootcamp Mezun Adayları;Bootcamp Mezun Adayları;Bi MH  Bi Satış  bi Satis Gelistirme  bi Techkariyer  Bi Teknolojisatis  bi TeleSatis  bisatisci  BISecurity  BUILTIN\Administrators;Dashboard;0;29.12.2025;12.03.2026;3.0;3;;;;;;;;;
0F2C617E-12F7-42EA-BFD9-1AD1C09E5F30;Satış/;/Satış/Kullanıcı Performans/Hedef Gerceklestirme Raporu - Kirilimli_Detay2;Hedef Gerceklestirme Raporu - Kirilimli_Detay2;begumu  Bi Fiyatlandırma  Bi ik  Bi Kalite Ekibi  Bi Satış  bi Satis Gelistirme  Bi Teknolojisatis  bi TeleSatis  bisatisci  BISecurity  BUILTIN\Administrators  cenkk  okan.ay;Report;1;6.03.2026;6.03.2026;1.0;1;;;;;;;;;
CEB2C85A-C31B-4D29-A541-1CA3E4F0C274;Satış/;/Satış/Portföy Performans/Yeni Eklenen Firmalar;Yeni Eklenen Firmalar;atakan.zengin  Bi Fiyatlandırma  Bi Satış  bi Satis Gelistirme  bi TeleSatis  bisatisci  BISecurity  BUILTIN\Administrators  demets  resat.akinsel;Report;0;26.01.2026;18.03.2026;22.0;11;;;;;;;;;
FB67DAAA-C010-4724-A341-1EDF1CE4BE25;Satış/;/Satış/Kullanıcı Performans/Satisci Firma Temas Raporu_Detay;Satisci Firma Temas Raporu_Detay;begumu  Bi Fiyatlandırma  Bi ik  Bi Kalite Ekibi  Bi Satış  bi Satis Gelistirme  Bi Teknolojisatis  bi TeleSatis  bisatisci  BISecurity  BUILTIN\Administrators  cenkk  okan.ay;Report;1;26.12.2025;26.03.2026;2377.0;109;;;;;;;;;
976BB63B-EDDA-4540-A522-2105A5DA1400;Satış/;/Satış/Kullanıcı Performans/Satis Oncesi Takip;Satis Oncesi Takip;Bi Satış  bi Satis Gelistirme  Bi Yönetim  BISecurity  BUILTIN\Administrators  tayfunt;Report;0;21.01.2026;18.03.2026;24.0;8;;;;;;;;;
17528818-8027-4FB8-8605-219D3B425A67;Satış/;/Satış/Portföy Performans/Pasif Firma Temas Raporu;Pasif Firma Temas Raporu;Bi Fiyatlandırma  Bi Satış  bisatisci  BISecurity  BUILTIN\Administrators;Report;0;11.02.2026;24.03.2026;28.0;10;;;;;;;;;
0EBFCC44-25B2-45E8-99AE-23BFA3B6177B;Satış/;/Satış/Portföy Performans/Basvuru Raporu;Basvuru Raporu;Bi Satış  bi Satis Gelistirme  bi TeleSatis  bisatisci  BISecurity  BUILTIN\Administrators;Report;0;26.12.2025;26.03.2026;708.0;42;;;;;;;;;
B24CBD37-F049-4808-94AF-26D517215571;Satış/;/Satış/Kullanıcı Performans/Tahimini Hedef Gerçekleştirme;Tahimini Hedef Gerçekleştirme;Bi Finans  Bi Fiyatlandırma  Bi ik  Bi Pazarlama İşveren  Bi Satış  bi Satis Gelistirme  Bi Yönetim  BISecurity  BUILTIN\Administrators;Dashboard;0;27.01.2026;26.02.2026;18.0;4;;;;;;;;;
F3DB0A85-42F8-4D9B-9F26-2BCE21F898A3;Satış/;/Satış/Portföy Performans/Sanal Asistan Raporu_Detay;Sanal Asistan Raporu_Detay;barisk  Bi DEM  Bi Fiyatlandırma  Bi Kalite Ekibi  Bi Satış  bi Satis Gelistirme  Bi Teknolojisatis  bi TeleSatis  bisatisci  BISecurity  BUILTIN\Administrators  resat.akinsel  volkan.bora;Report;1;29.01.2026;17.02.2026;5.0;3;;;;;;;;;
BD544577-1285-4EC7-83FE-2D2CB3F91CF9;Satış/;/Satış/Portföy Performans/Sanal Asistan Raporu;Sanal Asistan Raporu;Bi DEM  Bi Fiyatlandırma  Bi Pazarlama İşveren  Bi Satış  bi Satis Gelistirme  bisatisci  BISecurity  BUILTIN\Administrators;Report;0;29.01.2026;10.03.2026;9.0;5;;;;;;;;;
EB942635-12CB-4EFE-B0B9-2E1E95B459F8;Satış/;/Satış/Portföy Performans/Aktarilan Firmalar;Aktarilan Firmalar;Bi Satış  bi Satis Gelistirme  bi TeleSatis  bisatisci  BISecurity  BUILTIN\Administrators;Report;0;14.01.2026;26.03.2026;270.0;45;;;;;;;;;
01A1AABA-6AEB-4BA8-8400-31C700F2845C;Satış/;/Satış/Paylasilan Satislar;Paylasilan Satislar;Bi Satış  bi Satis Gelistirme  BISecurity  BUILTIN\Administrators;Report;0;5.02.2026;5.02.2026;1.0;1;;;;;;;;;
0A4A5640-1329-4086-B0BF-320E59EABCF3;Satış/;/Satış/Referans Listesi;Referans Listesi;Bi Satış  bi TeleSatis  bisatisci  BISecurity  BUILTIN\Administrators  cenkk  ersinu;Report;0;;;1.0;0;;;;;;;;;
A36BAD1D-9E9C-48B0-BC60-35490716377E;Satış/;/Satış/Portföy Performans/Kalan Ilan Oranlari Raporu_Detay;Kalan Ilan Oranlari Raporu_Detay;barisk  Bi DEM  Bi Fiyatlandırma  Bi Kalite Ekibi  Bi Satış  bi Satis Gelistirme  Bi Teknolojisatis  bi TeleSatis  bisatisci  BISecurity  BUILTIN\Administrators  resat.akinsel  volkan.bora;Report;1;5.01.2026;26.03.2026;65.0;21;;;;;;;;;
D81C9B77-0F8E-4564-94D1-3592063BA0C4;Satış/;/Satış/Turkiyeyi Mora Boyuyoruz;Turkiyeyi Mora Boyuyoruz;BISecurity  BUILTIN\Administrators  duygu.yuksel  hatun.ozbay  ugur.saglikoglu;Dashboard;0;;;1.0;0;;;;;;;;;
8226B86D-4102-4173-85B1-36D48D372F92;Satış/;/Satış/Kullanıcı Performans/Cagri Dinleme Raporu;Cagri Dinleme Raporu;Bi Kalite Ekibi  Bi MH  Bi Satış  bi Satis Gelistirme  BISecurity  BUILTIN\Administrators;Report;0;25.02.2026;25.02.2026;2.0;1;;;;;;;;;
80BE231F-17C9-4384-A00E-39C96F137449;Satış/;/Satış/Kullanıcı Performans/Stratejik Focus (2025);Stratejik Focus (2025);begumu  Bi Fiyatlandırma  Bi ik  Bi Kalite Ekibi  Bi Satış  bi Satis Gelistirme  Bi Teknolojisatis  bi TeleSatis  bisatisci  BISecurity  BUILTIN\Administrators  cenkk  okan.ay;Report;0;26.12.2025;26.03.2026;1408.0;128;;;;;;;;;
B3F3FFA4-1BB2-4823-8085-3A2543562AEA;Satış/;/Satış/Portföy Performans/Erken Yenileme Firma Raporu;Erken Yenileme Firma Raporu;Bi Fiyatlandırma  Bi Satış  bi Satis Gelistirme  bi TeleSatis  bisatisci  BISecurity  BUILTIN\Administrators;Dashboard;0;17.03.2026;26.03.2026;52.0;17;;;;;;;;;
44E703E3-6AE1-410C-8D2A-3DCE414F21E7;Satış/;/Satış/Kullanıcı Performans/Hedef Gerceklestirme;Hedef Gerceklestirme;Bi Finans  Bi Fiyatlandırma  Bi ik  Bi Pazarlama İşveren  Bi Satış  bi Satis Gelistirme  bi TeleSatis  bisatisci  BISecurity  BUILTIN\Administrators;Dashboard;0;2.01.2026;26.03.2026;191.0;35;;;;;;;;;
BF2B4E80-67E6-4B6D-9859-3E335A35F07A;Satış/;/Satış/Kullanıcı Performans/Master IK Yonetici;Master IK Yonetici;Bi ik  Bi Satış  bi Satis Gelistirme  Bi Yönetim  BISecurity  BUILTIN\Administrators;Report;0;26.03.2026;26.03.2026;1.0;1;;;;;;;;;
50478464-B9A7-41A8-80F2-3ED50E4C56CD;Satış/;/Satış/Gorusme  Asistan;Gorusme  Asistan;\Everyone  BISecurity  BUILTIN\Administrators;Report;0;12.01.2026;26.03.2026;25.0;5;;;;;;;;;
051BD700-40B0-45FD-9634-3F42CAEFB9FB;Satış/;/Satış/Portföy Performans/Aktif Firmalar Ürün Satışları;Aktif Firmalar Ürün Satışları;aylink  Bi Fiyatlandırma  Bi Pas Yönetim  Bi Pazarlama İşveren  Bi Satış  bi Satis Gelistirme  bi Techkariyer  bi TeleSatis  Bi Yönetim  bisatisci  BISecurity  BUILTIN\Administrators;Dashboard;0;26.12.2025;26.03.2026;41.0;23;;;;;;;;;
BC55BBB4-3AEA-4CD1-97F5-3FE99534FED0;Satış/;/Satış/Portföy Performans/WeHire Firma Kümeleri;WeHire Firma Kümeleri;betul.dalgic  betul.uslu  Bi Pas Ekibi  Bi Satış  bi Satis Gelistirme  bi TeleSatis  bisatisci  BISecurity  BUILTIN\Administrators  feyzanur.suel  mine.ozatas  samet.demirbas;Dashboard;0;16.02.2026;17.02.2026;2.0;2;;;;;;;;;
3A390037-327A-45A6-902D-43B5AE31B57B;Satış/;/Satış/Portföy Performans/Cerceve Sozlesme Hareket_Detayi;Cerceve Sozlesme Hareket_Detayi;barisk  Bi DEM  Bi Fiyatlandırma  Bi Kalite Ekibi  Bi Satış  bi Satis Gelistirme  Bi Teknolojisatis  bi TeleSatis  bisatisci  BISecurity  BUILTIN\Administrators  resat.akinsel  volkan.bora;Report;1;;;1.0;0;;;;;;;;;
FBE8D62D-35AD-48C4-A77C-4421C43BA01B;Satış/;/Satış/Kullanıcı Performans/Gunluk Hedef Gerceklestirme;Gunluk Hedef Gerceklestirme;Bi Fiyatlandırma  Bi Satış  bi TeleSatis  Bi Yönetim  bisatisci  BISecurity  BUILTIN\Administrators;Report;0;28.12.2025;26.03.2026;452.0;28;;;;;;;;;
63A2E18F-13FF-4020-A9C6-442791D2AD5A;Satış/;/Satış/Kullanıcı Performans/Tele Satis Firma Arama Analizi_Detay2;Tele Satis Firma Arama Analizi_Detay2;begumu  Bi Fiyatlandırma  Bi ik  Bi Kalite Ekibi  Bi Satış  bi Satis Gelistirme  Bi Teknolojisatis  bi TeleSatis  bisatisci  BISecurity  BUILTIN\Administrators  cenkk  okan.ay;Report;1;30.12.2025;30.12.2025;3.0;1;;;;;;;;;
53A730E2-C5E1-405F-93C4-46C4BB4D5C4C;Satış/;/Satış/Portföy Performans/Ilan Tuketim Raporu;Ilan Tuketim Raporu;Bi DEM  Bi Fiyatlandırma  Bi Pazarlama İşveren  Bi Satış  bi Satis Gelistirme  bisatisci  BISecurity  BUILTIN\Administrators;Report;0;26.12.2025;26.03.2026;122.0;27;;;;;;;;;
17769DE0-F7DD-4A39-84ED-4C33F0BBD057;Satış/;/Satış/Portföy Performans/Yenilemesi Gelen Firmalar;Yenilemesi Gelen Firmalar;Bi DEM  Bi Fiyatlandırma  Bi Satış  bi Satis Gelistirme  bi TeleSatis  bisatisci  BISecurity  BUILTIN\Administrators;Report;0;12.01.2026;26.03.2026;883.0;46;;;;;;;;;
E980309B-A46D-4084-88E8-4E472E7D84D4;Satış/;/Satış/Portföy Performans/Aranacak Firma Listesi;Aranacak Firma Listesi;Bi Fiyatlandırma  BISecurity  BUILTIN\Administrators;Report;1;;;1.0;0;;;;;;;;;
D0C27630-91B1-4590-A870-4F59A736F81E;Satış/;/Satış/Portföy Performans/Ziyaret Talepleri;Ziyaret Talepleri;Bi Satış  bi TeleSatis  bisatisci  BISecurity  BUILTIN\Administrators;Report;0;30.01.2026;11.03.2026;11.0;5;;;;;;;;;
7CB874DC-59DE-450A-9376-5A152A516ED5;Satış/;/Satış/Kullanıcı Performans/Master IK Raporu;Master IK Raporu;Bi ik  Bi Satış  bi Satis Gelistirme  bi TeleSatis  Bi Yönetim  bisatisci  BISecurity  BUILTIN\Administrators;Report;0;5.01.2026;24.03.2026;5.0;4;;;;;;;;;
C6AD88B6-A7B9-4853-952F-5BB0E396B8F9;Satış/;/Satış/Kullanıcı Performans/Kritik Islemler Raporu;Kritik Islemler Raporu;Bi Satış  bisatisci  BISecurity  BUILTIN\Administrators;Report;0;2.01.2026;11.03.2026;10.0;6;;;;;;;;;
477AA63F-7D8A-437B-A827-5BB1235C3F00;Satış/;/Satış/Haftalık Hedef Takip;Haftalık Hedef Takip;Bi Satış  bi Satis Gelistirme  Bi Yönetim  BISecurity  BUILTIN\Administrators;Dashboard;0;4.02.2026;9.03.2026;16.0;4;;;;;;;;;
A2840D05-E23B-4B2F-988B-5EB375B8C536;Satış/;/Satış/Portföy Performans/Deneme Hesabi Raporu;Deneme Hesabi Raporu;Bi Fiyatlandırma  Bi Pazarlama İşveren  Bi Satış  bi Satis Gelistirme  bi TeleSatis  bisatisci  BISecurity  BUILTIN\Administrators;Report;0;17.03.2026;17.03.2026;1.0;1;;;;;;;;;
BAC28A84-D664-40EC-AF5F-64ED5901A982;Satış/;/Satış/Baremlere Göre Aktif Portföy Sözleşmeleri;Baremlere Göre Aktif Portföy Sözleşmeleri;Bi Fiyatlandırma  Bi ik  Bi Satış  bi Satis Gelistirme  bi TeleSatis  bisatisci  BISecurity  BUILTIN\Administrators;Dashboard;0;30.01.2026;19.03.2026;26.0;12;;;;;;;;;
70EFC477-CCB5-4F67-B749-64EE3A6305F5;Satış/;/Satış/Portföy Performans/Cerceve Sozlesme Hareketleri;Cerceve Sozlesme Hareketleri;Bi Satış  bi Satis Gelistirme  bisatisci  BISecurity  BUILTIN\Administrators  volkan.bora;Report;0;;;1.0;0;;;;;;;;;
924533FE-650B-48C3-A508-6BB848873241;Satış/;/Satış/Kullanıcı Performans/Hedef Gerceklestirme Raporu - Kirilimli;Hedef Gerceklestirme Raporu - Kirilimli;Bi Finans  Bi Fiyatlandırma  Bi ik  Bi Pazarlama İşveren  Bi Satış  bi Satis Gelistirme  bi TeleSatis  Bi Yönetim  bisatisci  BISecurity  BUILTIN\Administrators  cenkk  ersinu  neses;Report;0;29.12.2025;26.03.2026;8419.0;157;;;;;;;;;
B8F25EFC-7385-460B-91B6-7024CE7A2310;Satış/;/Satış/Portföy Performans/Savedesk Protokolü;Savedesk Protokolü;Bi DEM  Bi Fiyatlandırma  Bi Satış  bi Satis Gelistirme  bi TeleSatis  Bi Yönetim  bisatisci  BISecurity  BUILTIN\Administrators  melih.gucer;Dashboard;0;23.03.2026;26.03.2026;59.0;32;;;;;;;;;
A169CCF1-07A4-4800-8FBA-71C1DF044917;Satış/;/Satış/Ek Ürün Gelir Oranı;Ek Ürün Gelir Oranı;aylink  Bi Satış  BISecurity  BUILTIN\Administrators;Dashboard;0;23.01.2026;11.03.2026;15.0;6;;;;;;;;;
67D99CEF-596F-4070-BD23-71F3C821DFCF;Satış/;/Satış/Kullanıcı Performans/Tahmini HGO;Tahmini HGO;Bi Fiyatlandırma  Bi Satış  bi Satis Gelistirme  BISecurity  BUILTIN\Administrators  busenur.satir  ezgik  ugur.saglikoglu;Dashboard;0;26.01.2026;26.03.2026;72.0;10;;;;;;;;;
8DBC6ED9-8972-47D3-A73C-74FDED90ACEC;Satış/;/Satış/Kullanıcı Performans/Hedef Gerceklestirme Raporu - Kirilimli2;Hedef Gerceklestirme Raporu - Kirilimli2;aylink  Bi ik  bi Satis Gelistirme  BISecurity  BUILTIN\Administrators;Report;0;14.01.2026;11.03.2026;11.0;4;;;;;;;;;
703E5261-F956-4C15-AD06-7670D314CCBC;Satış/;/Satış/FinalCheck;FinalCheck;aylink  Bi Finalcheck  Bi Finans  Bi Teknolojisatis  BISecurity  BUILTIN\Administrators  hatun.ozbay;Dashboard;0;13.01.2026;15.01.2026;12.0;2;;;;;;;;;
EE8DE08A-62E7-41FC-8562-76CE00ED7818;Satış/;/Satış/Portföy Performans/Aktif Ilan Basvuru Kıyaslaması (Firma Kirilimli);Aktif Ilan Basvuru Kıyaslaması (Firma Kirilimli);Bi Fiyatlandırma  Bi Satış  bisatisci  BISecurity  BUILTIN\Administrators;Report;0;3.03.2026;26.03.2026;3.0;3;;;;;;;;;
871BA982-5B7E-4407-845D-780097B1DDEF;Satış/;/Satış/Portföy Performans/Aktif Ilan Basvuru Kıyaslaması_Ilanlar2;Aktif Ilan Basvuru Kıyaslaması_Ilanlar2;barisk  Bi DEM  Bi Fiyatlandırma  Bi Kalite Ekibi  Bi Satış  bi Satis Gelistirme  Bi Teknolojisatis  bi TeleSatis  bisatisci  BISecurity  BUILTIN\Administrators  resat.akinsel  volkan.bora;Report;1;3.03.2026;26.03.2026;4.0;3;;;;;;;;;
E2028D45-B7D2-442F-A53D-805733913D74;Satış/;/Satış/WeHire Referans Listesi;WeHire Referans Listesi;Bi Pas Ekibi  Bi Satış  bi Satis Gelistirme  Bi Teknolojisatis  bi TeleSatis  bisatisci  BISecurity  BUILTIN\Administrators;Dashboard;0;15.01.2026;5.03.2026;2.0;2;;;;;;;;;
FF7412EB-E335-4A14-BA3E-82BB8CBA4434;Satış/;/Satış/Canlı İKÇO Dashboard;Canlı İKÇO Dashboard;Bi Fiyatlandırma  Bi ik  Bi Satış  bi Satis Gelistirme  bi TeleSatis  Bi Yönetim  bisatisci  BISecurity  BUILTIN\Administrators;Dashboard;0;31.12.2025;26.03.2026;51190.0;111;;;;;;;;;
A5D2562E-8ADE-48F5-93A7-845E92E9D566;Satış/;/Satış/PeopleBox;PeopleBox;aylink  Bi Fiyatlandırma  Bi PeopleBox  bi Satis Gelistirme  Bi Teknolojisatis  Bi Yönetim  BISecurity  BUILTIN\Administrators  ezgik  samet.demirbas  ugur.saglikoglu;Dashboard;0;7.01.2026;26.03.2026;43.0;5;;;;;;;;;
596BDABE-1A8A-4500-9563-8A3A42B300D4;Satış/;/Satış/Portföy Performans/Dijital Ortamda İlan Yayınlayan Firmalar;Dijital Ortamda İlan Yayınlayan Firmalar;barisk  begumu  bi Arge Ekibi  Bi DEM  Bi Fiyatlandırma  Bi isinolsun  Bi Pazarlama İşveren  Bi Satış  bi Satis Gelistirme  Bi Teknolojisatis  bi TeleSatis  Bi Ürün Geliştirme  bisatisci  BISecurity  BUILTIN\Administrators  ezgik  firat.ozcan  ipekb  oznur.saglam  resat.akinsel  tutku.bodur  volkan.bora;Dashboard;0;26.12.2025;25.03.2026;24.0;14;;;;;;;;;
38D48A64-F589-443A-A09E-8A6BFB6D4419;Satış/;/Satış/Kullanıcı Performans/Satisci Aktivite Rakamlari_ Gunluk;Satisci Aktivite Rakamlari_ Gunluk;atakan.zengin  begumu  Bi Fiyatlandırma  Bi ik  Bi Satış  bi Satis Gelistirme  Bi Teknolojisatis  bi TeleSatis  Bi Yönetim  bisatisci  BISecurity  BUILTIN\Administrators  cenkk  mine.ozatas  okan.ay;Report;0;29.12.2025;26.03.2026;1924.0;63;;;;;;;;;
896B10D1-162B-4AF6-B863-8ABDAADD1AD6;Satış/;/Satış/Kullanıcı Performans/Bolge Bazli Performans;Bolge Bazli Performans;Bi Satış  bi Satis Gelistirme  BISecurity  BUILTIN\Administrators;Report;0;7.01.2026;23.03.2026;25.0;8;;;;;;;;;
D4160EEA-25DE-4321-A123-8E488A5284A7;Satış/;/Satış/Kullanıcı Performans/Satisci Aktivite Rakamlari_ Gunluk_Detay;Satisci Aktivite Rakamlari_ Gunluk_Detay;begumu  Bi Fiyatlandırma  Bi ik  Bi Kalite Ekibi  Bi Satış  bi Satis Gelistirme  Bi Teknolojisatis  bi TeleSatis  bisatisci  BISecurity  BUILTIN\Administrators  cenkk  okan.ay;Report;1;29.01.2026;23.03.2026;56.0;5;;;;;;;;;
3300F50E-BE89-435C-B624-9313A849157C;Satış/;/Satış/Portföy Performans/Aktif Ilan Basvuru Kıyaslaması_Ilanlar;Aktif Ilan Basvuru Kıyaslaması_Ilanlar;Bi Pazarlama İşveren  Bi Satış  bi Satis Gelistirme  Bi Ürün Geliştirme  bisatisci  BISecurity  BUILTIN\Administrators;Report;1;;;1.0;0;;;;;;;;;
2101FDBB-8E68-456E-AD24-93FCD9E21300;Satış/;/Satış/Portföy Performans/Yenilemesi Gelen Firmalar_Detay;Yenilemesi Gelen Firmalar_Detay;barisk  Bi DEM  Bi Fiyatlandırma  Bi Kalite Ekibi  Bi Satış  bi Satis Gelistirme  Bi Teknolojisatis  bi TeleSatis  bisatisci  BISecurity  BUILTIN\Administrators  resat.akinsel  volkan.bora;Report;1;12.01.2026;26.03.2026;803.0;38;;;;;;;;;
38AAA415-FF85-482E-9FBD-945F2E024D60;Satış/;/Satış/Gorusme  Asistani;Gorusme  Asistani;\Everyone  BISecurity  BUILTIN\Administrators  burcug  cenkk  ersinu  ezgik  hatun.ozbay  ozlems;Report;1;31.12.2025;26.03.2026;81.0;45;;;;;;;;;
87CCA3E2-8CA4-48DE-A5F8-961C6CDB3E48;Satış/;/Satış/Portföy Performans/Matriks Raporu;Matriks Raporu;Bi Satış  bi Satis Gelistirme  bisatisci  BISecurity  BUILTIN\Administrators;Report;0;27.02.2026;24.03.2026;2.0;2;;;;;;;;;
F564ECBC-9CFA-43F0-B62B-981E815F2CB7;Satış/;/Satış/Portföy Performans/Satisci Firma Dagilimlari_Detay;Satisci Firma Dagilimlari_Detay;barisk  Bi DEM  Bi Fiyatlandırma  Bi Kalite Ekibi  Bi Satış  bi Satis Gelistirme  Bi Teknolojisatis  bi TeleSatis  bisatisci  BISecurity  BUILTIN\Administrators  resat.akinsel  volkan.bora;Report;1;26.12.2025;26.03.2026;1305.0;73;;;;;;;;;
A8DEED43-D398-4510-B2C1-9D9118D03492;Satış/;/Satış/Portföy Performans/Acil Panel Hareketleri;Acil Panel Hareketleri;Bi DEM  Bi Fiyatlandırma  Bi Pas Yönetim  Bi Pazarlama İşveren  Bi Satış  bi Satis Gelistirme  Bi Teknolojisatis  bi TeleSatis  Bi Ürün Geliştirme  Bi Webrand  bisatisci  BISecurity  BUILTIN\Administrators  ckorkmaz  ipekb  neses;Report;0;4.02.2026;26.03.2026;29.0;9;;;;;;;;;
2826E2EB-86C7-4121-BC81-9FA6CB0B0FAF;Satış/;/Satış/Portföy Performans/Yenilememe Risk Alarmları;Yenilememe Risk Alarmları;Bi Fiyatlandırma  Bi Satış  bi Satis Gelistirme  bisatisci  BISecurity  BUILTIN\Administrators  ezgik  ugur.saglikoglu;Dashboard;0;15.01.2026;26.03.2026;290.0;36;;;;;;;;;
3E8E7B60-65F7-40A8-980F-A1F21CE82CDC;Satış/;/Satış/Portföy Performans/Basvuru Almamis Ilan;Basvuru Almamis Ilan;Bi DEM  Bi Fiyatlandırma  Bi MH  Bi Müşteri Destek  Bi Pazarlama Aday  Bi Pazarlama İşveren  Bi Satış  bi TeleSatis  Bi Ürün Geliştirme  bisatisci  BISecurity  BUILTIN\Administrators  ezgik;Report;0;29.12.2025;24.03.2026;27.0;8;;;;;;;;;
F77B2F93-6B4A-431F-9F32-A2EFF46DA95C;Satış/;/Satış/Portföy Performans/Firma Aranma - Ulasma Raporu;Firma Aranma - Ulasma Raporu;Bi Satış  bi Satis Gelistirme  BISecurity  BUILTIN\Administrators;Report;0;2.02.2026;13.03.2026;3.0;2;;;;;;;;;
83B613B7-5B14-41FD-9622-A4BE560546DD;Satış/;/Satış/Kullanıcı Performans/cagri Dinleme Raporu_Detay;cagri Dinleme Raporu_Detay;begumu  Bi Fiyatlandırma  Bi ik  Bi Kalite Ekibi  Bi Satış  bi Satis Gelistirme  Bi Teknolojisatis  bi TeleSatis  bisatisci  BISecurity  BUILTIN\Administrators  cenkk  okan.ay;Report;1;;;1.0;0;;;;;;;;;
670FE83A-A84D-490A-AD8E-A502E38838E1;Satış/;/Satış/Kullanıcı Performans/Tele Satis Firma Arama Analizi_Detay;Tele Satis Firma Arama Analizi_Detay;begumu  Bi Fiyatlandırma  Bi ik  Bi Kalite Ekibi  Bi Satış  bi Satis Gelistirme  Bi Teknolojisatis  bi TeleSatis  bisatisci  BISecurity  BUILTIN\Administrators  cenkk  okan.ay;Report;1;30.12.2025;23.03.2026;17.0;3;;;;;;;;;
6EFA4235-8AAA-47BB-9223-A739FE53158D;Satış/;/Satış/Kullanıcı Performans/Satisci Aktivite Rakamlari;Satisci Aktivite Rakamlari;atakan.zengin  begumu  Bi ik  Bi Satış  bi Satis Gelistirme  bi TeleSatis  bisatisci  BISecurity  BUILTIN\Administrators  cenkk  okan.ay;Report;0;30.12.2025;26.03.2026;1265.0;77;;;;;;;;;
2461E56C-31A4-4DA3-8E16-AADE7D786EB8;Satış/;/Satış/Portföy Performans/Teklif Raporu;Teklif Raporu;Bi Fiyatlandırma  Bi Kalite Ekibi  Bi Satış  Bi Teknolojisatis  bi TeleSatis  bisatisci  BISecurity  BUILTIN\Administrators  volkan.bora;Report;0;26.12.2025;26.03.2026;551.0;52;;;;;;;;;
06ED15F4-1B73-4AD9-8532-B14182F88658;Satış/;/Satış/Kullanıcı Performans/TÇO Hedef Gerçekleştirme;TÇO Hedef Gerçekleştirme;BISecurity  BUILTIN\Administrators  senay.saduman;Dashboard;0;22.01.2026;22.01.2026;2.0;1;;;;;;;;;
9D1CC993-E81B-4623-AFD3-B201349CB5C6;Satış/;/Satış/Kullanıcı Performans/Satış Kiti;Satış Kiti;Bi Satış  bi Satis Gelistirme  BISecurity  BUILTIN\Administrators;Dashboard;0;14.01.2026;26.03.2026;5.0;5;;;;;;;;;
0BA7670D-D2F1-452B-BF8D-B2C1897BD025;Satış/;/Satış/Portföy Performans/Firma Aranma Analizi;Firma Aranma Analizi;Bi Satış  bi Satis Gelistirme  bi TeleSatis  bisatisci  BISecurity  BUILTIN\Administrators;Report;0;8.01.2026;26.03.2026;21.0;15;;;;;;;;;
4531FDF8-2E60-454B-8377-B33920D2B4F6;Satış/;/Satış/Techcareer.net;Techcareer.net;aylink  bernay  bi Satis Gelistirme  bi Techkariyer  Bi Teknolojisatis  BISecurity  BUILTIN\Administrators  utku.cetin;Dashboard;0;29.01.2026;26.03.2026;66.0;9;;;;;;;;;
B179252A-8B4E-4B5F-B28B-B50C55DD2946;Satış/;/Satış/Portföy Performans/Ek Urun Teklif Durum Raporu;Ek Urun Teklif Durum Raporu;Bi DEM  Bi Pazarlama İşveren  Bi Satış  bi Satis Gelistirme  bi TeleSatis  Bi Webrand  bisatisci  BISecurity  BUILTIN\Administrators;Report;0;30.12.2025;23.02.2026;24.0;11;;;;;;;;;
B3D9B6A3-A0C9-443B-B35B-BC10B09CF807;Satış/;/Satış/Kullanıcı Performans/İKÇO Dashboard;İKÇO Dashboard;atakan.zengin  Bi Fiyatlandırma  Bi ik  Bi Satış  bi Satis Gelistirme  bi TeleSatis  Bi Yönetim  bisatisci  BISecurity  BUILTIN\Administrators;Dashboard;1;27.12.2025;26.03.2026;1173.0;77;;;;;;;;;
B47794A3-4B02-414C-90A0-BED65685C0FE;Satış/;/Satış/Güncel İKÇO Bölge ve Zoneları;Güncel İKÇO Bölge ve Zoneları;aylink  Bi Satış  bi Satis Gelistirme  BISecurity  BUILTIN\Administrators  utku.cetin;Dashboard;0;23.01.2026;25.02.2026;9.0;6;;;;;;;;;
B070CA08-BFAD-44AD-90AF-C06552D2BBC6;Satış/;/Satış/Portföy Performans/Pasif Firma Temas Raporu_Detay;Pasif Firma Temas Raporu_Detay;barisk  Bi DEM  Bi Fiyatlandırma  Bi Kalite Ekibi  Bi Satış  bi Satis Gelistirme  Bi Teknolojisatis  bi TeleSatis  bisatisci  BISecurity  BUILTIN\Administrators  resat.akinsel  volkan.bora;Report;1;11.02.2026;24.03.2026;15.0;4;;;;;;;;;
FB7DD89B-E0F6-4D6D-9CFD-C373DA558EFD;Satış/;/Satış/Satışçı Firma Temas Raporu;Satışçı Firma Temas Raporu;BISecurity  BUILTIN\Administrators;Dashboard;1;25.02.2026;25.02.2026;1.0;1;;;;;;;;;
CBC502C0-0E70-44A5-9A94-C3C6A27F0957;Satış/;/Satış/Portföy Performans/Aylık Churn;Aylık Churn;Bi DEM  Bi Fiyatlandırma  Bi Satış  bi Satis Gelistirme  bi TeleSatis  Bi Yönetim  bisatisci  BISecurity  BUILTIN\Administrators  caner.gunay  ceren.goren  ismail.kucukkurt  melih.gucer  oguzalpk  ozgulb;Dashboard;0;2.01.2026;26.03.2026;36694.0;154;;;;;;;;;
AE6B1DF5-D7CB-4781-BFA1-C7E0CE3BAC67;Satış/;/Satış/PeopleBox HGO;PeopleBox HGO;ali.tilbec  baris.kursat  barisk  beyza.erbas  bi Satis Gelistirme  BISecurity  BUILTIN\Administrators  burak.alatas  gokce.kursat  ipekb  ozge.aydin  ugur.saglikoglu;Dashboard;0;;;1.0;0;;;;;;;;;
757878D1-B3AE-4CB1-B408-CDE5F498B88B;Satış/;/Satış/Kullanıcı Performans/Satisci Firma Temas Raporu;Satisci Firma Temas Raporu;atakan.zengin  Bi Satış  bi Satis Gelistirme  bi TeleSatis  bisatisci  BISecurity  BUILTIN\Administrators;Report;0;26.12.2025;26.03.2026;2901.0;123;;;;;;;;;
ED928A90-0E7E-4F0B-B42F-D48E65D0C1BD;Satış/;/Satış/Portföy Performans/Yeni Eklenen Firmalar_Detay2;Yeni Eklenen Firmalar_Detay2;barisk  Bi DEM  Bi Fiyatlandırma  Bi Kalite Ekibi  Bi Satış  bi Satis Gelistirme  Bi Teknolojisatis  bi TeleSatis  bisatisci  BISecurity  BUILTIN\Administrators  resat.akinsel  volkan.bora;Report;0;;;1.0;0;;;;;;;;;
BBD3D9E1-0941-413E-87A1-D4AC0ABA45E6;Satış/;/Satış/Kullanıcı Performans/Stratejik Focus (2026);Stratejik Focus (2026);begumu  Bi Fiyatlandırma  Bi ik  Bi Kalite Ekibi  Bi Satış  bi Satis Gelistirme  Bi Teknolojisatis  bi TeleSatis  bisatisci  BISecurity  BUILTIN\Administrators  cenkk  okan.ay;Report;0;30.01.2026;26.03.2026;346.0;39;;;;;;;;;
719CEF1E-2DAF-4F85-AAB1-D73C9D1316AF;Satış/;/Satış/Portföy Performans/Basvuru Raporu_Musteri;Basvuru Raporu_Musteri;barisk  Bi DEM  Bi Fiyatlandırma  Bi Kalite Ekibi  Bi Satış  bi Satis Gelistirme  Bi Teknolojisatis  bi TeleSatis  bisatisci  BISecurity  BUILTIN\Administrators  resat.akinsel  volkan.bora;Report;1;26.12.2025;26.03.2026;589.0;30;;;;;;;;;
55CD1FA6-C1F3-40C8-AC0B-DA4BDCE02598;Satış/;/Satış/Portföy Performans/Ek Urun Teklif Durum Raporu_Detay;Ek Urun Teklif Durum Raporu_Detay;Bi Fiyatlandırma  Bi Kalite Ekibi  Bi Pazarlama İşveren  Bi Satış  bi Satis Gelistirme  bi TeleSatis  Bi Webrand  bisatisci  BISecurity  BUILTIN\Administrators;Report;1;;;1.0;0;;;;;;;;;
172E11AD-9EF6-4F24-9AD6-E31FA287353B;Satış/;/Satış/Kullanıcı Performans/Ek Butce Raporu;Ek Butce Raporu;Bi Fiyatlandırma  Bi Satış  BISecurity  BUILTIN\Administrators;Report;0;29.12.2025;18.03.2026;54.0;10;;;;;;;;;
06F7147E-3DDC-497F-B9C1-EBAFBD2ADEE4;Satış/;/Satış/Portföy Performans/Firma ve Pozisyon Bazli Ilan Sayilari;Firma ve Pozisyon Bazli Ilan Sayilari;Bi Satış  bi Satis Gelistirme  bi TeleSatis  bisatisci  BISecurity  BUILTIN\Administrators;Report;0;2.01.2026;5.03.2026;13.0;7;;;;;;;;;
CA27CE1B-5C7A-4738-A2BD-ED1DCEB68BBC;Satış/;/Satış/Portföy Performans/Satisci Firma Dagilimlari;Satisci Firma Dagilimlari;barisk  Bi Fiyatlandırma  Bi Satış  bi Satis Gelistirme  bi TeleSatis  Bi Ürün Geliştirme  bisatisci  BISecurity  BUILTIN\Administrators;Report;0;26.12.2025;26.03.2026;1080.0;92;;;;;;;;;
571A1B3A-55E1-457F-9272-ED70BB600D0D;Satış/;/Satış/Portföy Performans/Ilan Tuketim Raporu_Detay;Ilan Tuketim Raporu_Detay;barisk  Bi DEM  Bi Fiyatlandırma  Bi Kalite Ekibi  Bi Satış  bi Satis Gelistirme  Bi Teknolojisatis  bi TeleSatis  bisatisci  BISecurity  BUILTIN\Administrators  resat.akinsel  volkan.bora;Report;1;12.01.2026;26.03.2026;135.0;19;;;;;;;;;
7E6773BA-69D7-453F-A5F4-EDAB4154A87B;Satış/;/Satış/Kullanıcı Performans/Periyot Bazlı Satış;Periyot Bazlı Satış;Bi Satış  bi Satis Gelistirme  bi TeleSatis  Bi Yönetim  bisatisci  BISecurity  BUILTIN\Administrators;Dashboard;0;29.12.2025;19.03.2026;17.0;12;;;;;;;;;
095345B9-2022-4C26-95B9-EEEB7EE4F314;Satış/;/Satış/Portföy Performans/Matriks Raporu_Detay;Matriks Raporu_Detay;barisk  Bi DEM  Bi Fiyatlandırma  Bi Kalite Ekibi  Bi Satış  bi Satis Gelistirme  Bi Teknolojisatis  bi TeleSatis  bisatisci  BISecurity  BUILTIN\Administrators  resat.akinsel  volkan.bora;Report;1;24.03.2026;24.03.2026;2.0;1;;;;;;;;;
04E80DE2-CB00-4F77-9C41-F14820D061DE;Satış/;/Satış/Portföy Performans/Yeni Eklenen Firmalar_Detay;Yeni Eklenen Firmalar_Detay;barisk  Bi DEM  Bi Fiyatlandırma  Bi Kalite Ekibi  Bi Satış  bi Satis Gelistirme  Bi Teknolojisatis  bi TeleSatis  bisatisci  BISecurity  BUILTIN\Administrators  resat.akinsel  volkan.bora;Report;1;4.02.2026;20.02.2026;2.0;2;;;;;;;;;
C6C0B1C4-C38F-48D4-81D5-F6F52B6F5DE1;Satış/;/Satış/Kullanıcı Performans/Tele Satis Firma Arama Analizi;Tele Satis Firma Arama Analizi;atakan.zengin  Bi Satış  bi Satis Gelistirme  BISecurity  BUILTIN\Administrators;Report;0;30.12.2025;23.03.2026;33.0;5;;;;;;;;;
B5618629-082A-4E80-82D9-F7711BD36DB2;Satış/;/Satış/İKÇO ve Ekip Paket Satış Dashboardu;İKÇO ve Ekip Paket Satış Dashboardu;Bi Fiyatlandırma  Bi Satış  bi Satis Gelistirme  bi TeleSatis  bisatisci  BISecurity  BUILTIN\Administrators;Dashboard;0;2.01.2026;25.03.2026;38.0;22;;;;;;;;;
CD44CBCB-D8B5-4152-B389-F8647DE220D8;Satış/;/Satış/Coensio Yayınlanan Pozisyonlar;Coensio Yayınlanan Pozisyonlar;BISecurity  BUILTIN\Administrators;Dashboard;0;;;1.0;0;;;;;;;;;
B5633E82-9FBB-4255-9BB8-F8C5259B8D31;Satış/;/Satış/Kullanıcı Performans/Satis Oncesi Takip - Bolge Detayi;Satis Oncesi Takip - Bolge Detayi;Bi ik  Bi Satış  bi Satis Gelistirme  BISecurity  BUILTIN\Administrators  tayfunt;Report;0;30.01.2026;26.03.2026;79.0;8;;;;;;;;;
9E2A67A0-6877-49DB-8D13-F9556C355FEE;Satış/;/Satış/Kullanıcı Performans/Kalite Raporu;Kalite Raporu;Bi Kalite Ekibi  Bi MH  Bi Satış  bi Satis Gelistirme  BISecurity  BUILTIN\Administrators;Report;0;30.12.2025;26.02.2026;6.0;5;;;;;;;;;
80A41235-CD34-49D7-85B6-F96F4831F79D;Satış/;/Satış/Portföy Performans/Ilan Detay Istatistikleri;Ilan Detay Istatistikleri;Bi Fiyatlandırma  Bi Pazarlama Aday  Bi Pazarlama İşveren  Bi Satış  Bi Teknolojisatis  bi TeleSatis  bisatisci  BISecurity  BUILTIN\Administrators  cagla.ozturk;Report;0;2.01.2026;23.02.2026;3.0;2;;;;;;;;;
3A3325D7-EF8F-4ECB-8C28-FA2CB0E02FC4;Satış/;/Satış/Portföy Performans/Hareket Kaydi Girilmeyen Firmalar;Hareket Kaydi Girilmeyen Firmalar;Bi Satış  BISecurity  BUILTIN\Administrators;Report;0;11.02.2026;26.03.2026;31.0;4;;;;;;;;;
E800D0D9-55C5-4702-8E90-FAB68792E1D5;Satış/;/Satış/Portföy Performans/Deneme Hesabi Raporu_Detay;Deneme Hesabi Raporu_Detay;barisk  Bi DEM  Bi Fiyatlandırma  Bi Kalite Ekibi  Bi Satış  bi Satis Gelistirme  Bi Teknolojisatis  bi TeleSatis  bisatisci  BISecurity  BUILTIN\Administrators  resat.akinsel  volkan.bora;Report;1;;;1.0;0;;;;;;;;;
0F936D97-5F45-460A-BF8D-FB29B776BEC2;Satış/;/Satış/Portföy Performans/Ziyaret Talepleri_Detay;Ziyaret Talepleri_Detay;barisk  Bi DEM  Bi Fiyatlandırma  Bi Kalite Ekibi  Bi Satış  bi Satis Gelistirme  Bi Teknolojisatis  bi TeleSatis  bisatisci  BISecurity  BUILTIN\Administrators  resat.akinsel  volkan.bora;Report;1;30.01.2026;25.02.2026;8.0;2;;;;;;;;;
7BCAEB6D-E9EB-4ADC-9180-FBB823AEB4BC;Satış/;/Satış/Portföy Performans/Firma Ek Ürün Hakları ve Yenilemeleri;Firma Ek Ürün Hakları ve Yenilemeleri;Bi DEM  Bi Fiyatlandırma  Bi Pazarlama İşveren  Bi Satış  bi Satis Gelistirme  Bi Ürün Geliştirme  bisatisci  BISecurity  BUILTIN\Administrators  sare.akyuz  volkan.bora;Dashboard;0;6.01.2026;23.03.2026;30.0;12;;;;;;;;;
3552471F-37BC-400D-9AC3-FE7302AB4B7C;Satış/;/Satış/Portföy Performans/Kalan Ilan Oranlari Raporu;Kalan Ilan Oranlari Raporu;Bi Fiyatlandırma  Bi Satış  bi TeleSatis  bisatisci  BISecurity  BUILTIN\Administrators;Report;0;6.01.2026;26.03.2026;84.0;34;;;;;;;;;
48C1F35D-5D6E-487E-8086-FFD62BD24794;Satış/;/Satış/Portföy Performans/Aktif Ilan Basvuru Kıyaslaması;Aktif Ilan Basvuru Kıyaslaması;Bi Fiyatlandırma  Bi Satış  bi Satis Gelistirme  bilge.aydin  bisatisci  BISecurity  BUILTIN\Administrators  oznur.saglam;Report;0;6.01.2026;26.03.2026;11.0;7;;;;;;;;;
